name,title,country,joined,last_online,followers,league,bullet_last,bullet_best,bullet_win,bullet_loss,bullet_draw,blitz_last,blitz_best,blitz_win,blitz_loss,blitz_draw,rapid_last,rapid_best,rapid_win,rapid_loss,rapid_draw,fide,tactics_rating,puzzle_attempts,puzzle_best
Player 1,FM,DE,1584226200,1699255971,7,Legend,2460,2675,1061,568,95,2401,2651,432,142,35,2229,2257,66,9,3,0,3071,38,35
Player 2,WFM,MC,1356599736,1692583551,12,Bronze,1852,2134,318,278,29,1998,2029,319,288,45,1628,1944,21,7,2,0,1989,25,23
Player 3,FM,HN,1501754571,1674644711,19,Silver,2465,2521,527,111,12,2468,2574,1365,690,88,1907,1907,41,4,10,2313,2771,44,41
Player 4,WFM,RO,1586252135,1696427236,20,Silver,2016,1625,3,1,0,2304,2327,203,126,21,2016,1904,1,3,4,2016,1311,57,54
Player 5,FM,DE,1392559621,1698873214,133,Champion,2059,2135,3633,2499,191,2222,2328,2898,1949,303,2411,2411,154,61,13,2180,3408,52,49
Player 6,WIM,IN,1538384426,1699281132,1590,Champion,2150,2445,540,656,55,2526,2562,1794,2102,378,2232,2232,23,31,18,2213,3610,63,60
Player 7,NM,US,1401746360,1699218687,189,Champion,2733,2778,4954,4872,847,2594,2723,3786,3695,709,2272,2272,173,138,24,2224,3373,54,51
Player 8,FM,RU,1588269438,1699266868,18,Champion,2616,2686,908,1039,167,2613,2697,2486,2644,599,2608,2608,4,2,0,2349,3010,50,47
Player 9,IM,RO,1478808523,1699208503,43,Elite,2547,2547,1,0,0,2479,2592,619,453,128,2309,2368,100,71,28,2302,3510,30,29
Player 10,FM,IR,1482212652,1699259982,734,Legend,2852,2963,896,497,54,2922,3064,9541,7408,1223,2526,2564,182,63,25,2417,6497,67,64
Player 11,GM,NO,1279975860,1699204249,158,Crystal,2766,2786,423,274,42,2659,2715,2358,1604,277,2373,2507,21,5,1,2489,3393,48,45
Player 12,FM,IN,1396436552,1699284382,282,Crystal,2360,2586,721,553,46,2342,2611,1578,1366,172,2149,2204,22,5,2,2335,3305,51,48
Player 13,FM,CA,1378993999,1698737584,65,Silver,2277,2364,4,2,0,2232,2351,3541,2598,443,2099,2339,10,9,3,2289,2150,39,36
Player 14,FM,RU,1491141468,1695730996,25,Wood,2583,2845,684,707,105,2298,2730,1227,1317,211,2059,2059,1,0,0,2350,2536,50,47
Player 15,GM,GW,1481624469,1699191730,45,Wood,2604,2604,49,22,3,2620,2691,329,224,72,2426,2426,16,13,6,2419,2693,50,48
Player 16,CM,ZA,1483264545,1699284760,90,Legend,2067,2405,2739,2734,198,2442,2565,7970,8428,983,2092,2144,40,23,7,2209,3101,44,42
Player 17,NM,BR,1481050773,1699272297,108,Champion,2247,2510,5454,4456,412,2234,2447,6311,5482,503,2123,2123,20,8,0,2196,3371,53,50
Player 18,GM,AM,1482166621,1699243158,678,Champion,2856,2922,628,309,68,2839,2923,1720,1221,309,2231,2527,5,5,1,2440,5410,69,66
Player 19,WFM,HU,1578050171,1699291415,8151,Champion,2251,2376,614,376,55,2320,2447,1533,1288,173,2175,2212,911,215,57,2100,3372,72,69
Player 20,FM,BD,1536484290,1699100448,106,Legend,1915,2064,171,192,23,2230,2408,6801,7651,752,1989,2169,22,20,11,0,3374,27,27
Player 21,WFM,ES,1517778279,1699262195,876,Crystal,1756,2184,165,123,13,1813,2100,392,173,25,1858,1858,7,2,2,0,2810,40,37
Player 22,FM,MM,1470472051,1699199825,59,Champion,2529,2603,1630,1377,127,2395,2628,5612,4805,622,2324,2405,745,543,57,2161,3448,60,57
Player 23,CM,PH,1340107339,1693605346,179,Wood,2288,2575,759,789,80,2238,2462,228,179,22,1907,1907,4,1,4,2204,400,38,36
Player 24,IM,EG,1342432706,1698402009,64,Bronze,1756,2000,85,81,5,2164,2353,1296,1357,168,2192,2222,15,3,5,2334,2600,15,12
Player 25,FM,ES,1545240094,1699122814,32,Elite,2290,2449,97,129,15,2341,2431,1609,1808,252,1821,1957,5,6,5,0,2431,53,50
Player 26,IM,US,1443401425,1699282718,240,Elite,2850,2885,2932,2133,379,3001,3001,4032,2892,672,2708,2708,96,23,16,2459,3777,67,64
Player 27,NM,US,1254176509,1699291865,251,Legend,1996,2278,1223,1074,72,2258,2474,15517,12997,1619,2220,2220,53,52,12,2209,3123,35,34
Player 28,NM,BR,1440702680,1698620455,52,Stone,2311,2306,666,541,77,2203,2312,310,234,43,2046,2046,4,0,0,2200,2524,50,47
Player 29,NM,US,1527112415,1699290271,215,Legend,2704,2711,1437,1374,228,2539,2791,5977,5870,1395,2431,2431,82,23,20,2294,3633,57,54
Player 30,FM,DE,1488640133,1699192629,97,Legend,2605,2765,57669,47728,6282,2768,2881,238,169,26,2947,2947,1,0,0,0,2646,66,63
Player 31,FM,KZ,1428004064,1699236883,73,Crystal,2871,2923,134,100,10,2708,2709,620,515,158,1559,2006,1,1,1,2251,2660,55,52
Player 32,WIM,LK,1436374335,1699078654,94,Silver,1826,1974,760,747,58,1913,1913,45,32,1,1882,1919,35,24,6,1752,2463,36,33
Player 33,FM,IT,1241625111,1699292925,7789,Silver,2467,2467,504,467,45,2293,2446,842,720,108,2315,2315,290,66,29,2304,3110,39,37
Player 34,FM,CO,1365862746,1699290709,22,Elite,2282,2333,52,22,3,2369,2496,1905,1778,213,1219,1617,4,4,1,0,3035,68,65
Player 35,GM,PL,1463525746,1699165048,91,Bronze,2633,2483,45,21,4,2635,2730,421,301,81,2477,2557,26,8,3,2590,3805,63,60
Player 36,NM,BR,1339762909,1697984466,33,Elite,1964,1979,74,40,3,2145,2280,1426,1316,146,2164,2164,9,6,1,2098,3037,56,53
Player 37,NM,US,1231480774,1699290658,52,Stone,1714,1634,14,5,0,1787,1972,477,187,52,2062,2246,7,1,0,2205,1732,27,25
Player 38,FM,US,1489890300,1699209959,158,Elite,2125,2327,336,339,20,2198,2415,2348,2297,254,2170,2170,33,2,1,2200,3308,65,62
Player 39,NM,US,1502130276,1699239881,89,Elite,1657,2319,3907,4701,435,2007,2725,3882,4835,791,2090,2122,17,14,8,2260,2758,58,55
Player 40,WIM,UA,1585234809,1699288283,204,Stone,2202,2202,42,44,5,2273,2554,75,96,9,1462,1988,9,11,4,2245,3121,60,57
Player 41,FM,AR,1470091818,1699269529,53,Crystal,2529,2719,872,644,66,2653,2710,5522,4232,538,2033,2033,18,0,0,2362,3265,42,39
Player 42,NM,US,1338465163,1676573874,35,Wood,1670,1825,1864,605,71,1687,1791,55,39,4,1922,2143,16,16,8,2200,3108,34,33
Player 43,IM,UA,1494346124,1699292877,44,Crystal,2430,2505,144,93,17,2540,2783,743,598,129,1989,1989,13,0,1,0,3420,74,71
Player 44,IM,DO,1510537507,1699018526,266,Legend,2628,2712,817,656,64,2687,2749,3045,2113,448,2179,2532,57,38,21,2337,3393,54,51
Player 45,IM,RU,1566402432,1699114528,64,Silver,2297,2634,64,84,5,2584,2736,425,405,68,1830,1909,45,26,12,2339,3109,71,68
Player 46,WCM,EG,1573057158,1699210034,58,Crystal,1968,2248,154,219,10,2054,2156,181,205,28,2158,2257,51,35,4,1881,3119,50,47
Player 47,FM,IS,1519594527,1664288917,23,Elite,2594,2777,2431,1926,368,2665,2742,897,649,131,2409,2420,55,21,6,2300,3353,60,57
Player 48,FM,DE,1479168450,1698924357,18,Legend,2281,2563,652,298,61,2439,2610,4203,3665,721,2102,2289,184,59,14,2320,2000,43,40
Player 49,NM,UA,1521914903,1699264352,355,Elite,2374,2546,283,178,21,2451,2585,2207,2062,283,1962,2414,11,4,6,2200,3164,65,62
Player 50,NM,US,1467764702,1695339127,50,Silver,2223,2223,642,460,29,2420,2420,1374,1073,139,2006,2006,1,0,0,2330,3194,69,66
Player 51,FM,ES,1509476976,1698876269,441,Elite,2527,2601,476,400,60,2592,2703,2954,2679,559,2407,2407,4,3,1,2318,3533,65,62
Player 52,GM,BR,1485459491,1698960415,614,Crystal,2628,2770,465,303,38,2624,2841,2513,2319,463,2316,2498,2,4,0,0,2400,53,50
Player 53,GM,RU,1565893811,1698759375,854,Stone,2809,3053,14,31,12,2924,3079,330,106,103,2654,2800,22,13,17,2683,2200,66,63
Player 54,FM,AM,1558276442,1699209908,56,Silver,2636,2669,223,219,27,2559,2684,161,180,19,1995,2155,10,4,5,2300,3430,64,61
Player 55,IM,US,1531284371,1699217572,211,Crystal,2342,2342,4,1,0,2524,2571,3249,2891,752,2058,2088,73,22,17,2450,3603,54,51
Player 56,WFM,ID,1546496557,1698582981,47,Bronze,1534,1724,12,26,0,2182,2240,108,149,9,1877,2053,72,35,7,1972,2639,40,37
Player 57,FM,FJ,1409062384,1699288461,43,Elite,2622,2711,1568,1135,121,2731,2762,1346,1049,187,2161,2206,11,6,0,2390,3488,58,55
Player 58,FM,RS,1559598070,1699292608,2723,Legend,2687,2742,1319,1054,152,2732,2796,7104,5593,1026,2338,2435,123,50,15,2192,3592,62,59
Player 59,FM,PY,1391778864,1699151733,90,Champion,2461,2585,150,105,12,2588,2693,2261,1848,313,2494,2494,43,21,14,2366,3347,44,42
Player 60,WCM,CL,1586640776,1699286832,15,Silver,2377,2392,34,8,2,2178,2191,83,59,7,1883,1932,144,107,15,0,3214,47,44
Player 61,NM,US,1476466991,1699283932,57,Champion,2373,2399,465,366,41,2318,2392,4761,4249,721,2056,2100,7,3,0,2280,3358,49,46
Player 62,FM,VN,1436791411,1699237192,592,Crystal,2104,2151,16,15,1,2156,2784,4315,4601,805,2036,2526,33,27,10,2404,3405,58,55
Player 63,FM,US,1387857168,1699168177,100,Elite,2049,2369,156,78,3,2426,2620,2988,2302,421,2045,2195,29,12,17,2390,3089,30,28
Player 64,WIM,AM,1496002214,1699282755,177,Crystal,2450,2725,1038,938,131,2360,2495,1144,1038,154,2105,2194,29,21,10,2211,3203,59,56
Player 65,FM,PH,1343710449,1699100280,288,Elite,2565,2672,208,133,11,2615,2712,1048,956,177,2080,2231,64,52,37,2322,3087,42,39
Player 66,GM,DE,1487014025,1689692297,31,Wood,2682,2579,47,19,3,2868,2957,174,95,22,2624,3008,19,7,14,2631,1209,50,49
Player 67,NM,US,1319418918,1699159732,103,Crystal,2764,2851,665,480,55,2670,2673,1136,864,127,2282,2477,353,255,58,2313,2522,51,48
Player 68,NM,US,1494902797,1699280318,12,Crystal,2083,2167,2108,1573,105,2269,2320,1144,688,68,2149,2236,12,7,1,2200,3121,67,64
Player 69,FM,FI,1270134391,1698845259,147,Champion,2428,2667,345,351,38,2528,2593,3980,3977,697,2259,2452,38,29,4,2355,2684,66,63
Player 70,CM,LK,1377881888,1699277610,184,Bronze,1677,2065,1609,1198,73,2128,2234,1214,854,85,1927,2240,33,23,15,2255,3269,55,52
Player 71,IM,ES,1535073025,1698793675,22,Crystal,2464,2583,118,58,6,2572,2639,236,142,28,2033,2322,15,3,2,2300,2775,50,47
Player 72,FM,CZ,1542571345,1699287105,38,Silver,2407,2425,149,121,18,2347,2504,671,547,106,2351,2351,23,9,2,2306,3290,60,57
Player 73,NM,RU,1576951032,1645808508,278,Silver,2977,3025,13964,7982,1521,2933,3042,1337,849,288,2733,2733,2,0,0,2562,3272,79,76
Player 74,IM,PE,1589756389,1698249156,219,Champion,2699,2904,2864,2128,303,2793,2811,986,543,151,2157,2337,10,2,2,2393,2472,65,62
Player 75,GM,NL,1378372580,1692467222,103,Stone,2692,2580,25,13,3,2858,2888,152,90,34,2454,2770,15,6,7,2700,400,42,40
Player 76,FM,AR,1544669140,1656170151,19,Wood,2423,2452,1286,1387,102,2547,2596,31,10,2,2276,2418,14,5,5,2282,2613,58,55
Player 77,IM,US,1314221681,1699290617,924,Elite,2451,2606,1115,1099,122,2685,2759,2824,1865,482,2178,2659,73,16,7,2451,2623,56,53
Player 78,GM,CN,1398754856,1698314934,39,Silver,2591,2692,20,8,1,2874,2920,545,282,54,1847,2000,5,4,0,2513,2981,56,53
Player 79,WFM,IN,1573704235,1699270502,214,Crystal,2226,2534,3507,3097,319,2348,2435,314,242,34,2246,2286,48,30,6,1970,3328,63,60
Player 80,FM,IN,1547701307,1699263280,29,Crystal,2496,2562,22,8,2,2897,2905,315,204,47,2053,2127,14,8,3,0,3803,35,32
Player 81,FM,AU,1338117125,1698899092,2,Bronze,2101,2195,4143,3690,207,2207,2213,1890,1493,151,2049,2369,3,4,0,0,2831,32,30
Player 82,NM,US,1275930072,1699241620,210,Champion,2217,2422,665,483,58,2377,2520,10285,9184,1558,2161,2244,80,10,5,2212,3354,63,60
Player 83,FM,GR,1684267126,1685736526,1,Bronze,2582,2779,246,130,17,2677,2729,97,41,12,2505,2505,19,3,2,777,3280,51,48
Player 84,FM,IN,1352831285,1699273472,40,Stone,2225,2392,1743,1509,196,2124,2353,120,88,22,2214,2369,7,11,5,2338,3329,72,69
Player 85,IM,DE,1332205372,1694376872,547,Legend,2289,2649,1642,1099,130,2653,2808,4966,3605,782,2369,2747,477,66,28,2423,3503,43,40
Player 86,NM,BR,1583688781,1699031622,63,Crystal,2257,2360,831,705,52,2245,2365,597,531,45,2201,2201,3,0,0,0,3044,61,58
Player 87,CM,GB,1284996649,1699287611,95,Silver,1861,2194,27,28,1,2165,2219,1385,1313,216,2115,2115,23,7,18,2200,2653,33,32
Player 88,FM,XX,1477916614,1699287091,13,Champion,2345,2487,361,456,38,2407,2508,1532,1666,211,2254,2324,34,28,8,2160,2519,45,43
Player 89,CM,TR,1353665867,1699143144,1,Wood,2518,2534,88,82,6,2482,2482,181,134,19,2224,1623,128,207,12,2224,2399,43,41
Player 90,FM,RU,1538234475,1698840223,52,Stone,2246,2331,388,226,27,2188,2356,1603,1521,218,2191,2330,14,3,3,2305,2792,51,48
Player 91,CM,BS,1593268067,1693165172,4,Silver,1419,1761,20,4,1,1423,1564,26,7,0,1068,1531,12,6,0,0,1000,23,21
Player 92,WGM,KZ,1532946789,1698070918,243,Elite,2215,2265,2380,1964,130,2471,2498,1728,1342,186,2257,2535,7,5,1,0,3175,51,49
Player 93,CM,RO,1533929610,1699291035,88,Legend,2301,2326,322,253,28,2359,2553,1288,1023,217,2302,2302,95,38,11,2215,3423,53,50
Player 94,FM,US,1349056998,1699203658,465,Bronze,2412,2412,119,138,12,2421,2663,661,349,49,2257,2394,40,87,25,2202,3003,51,49
Player 95,NM,US,1449470869,1698011985,42,Elite,2445,2445,3013,2393,345,2398,2422,1872,1392,198,2127,2127,33,5,2,2133,3068,34,32
Player 96,IM,FR,1597967265,1682622963,4,Silver,2453,2679,16,4,3,2572,2728,298,190,40,2605,2605,7,1,0,0,3078,54,51
Player 97,FM,MT,1336749912,1689754827,25,Stone,2457,2667,1197,791,123,2542,2580,142,46,14,2542,2268,7,3,7,2367,2808,36,33
Player 98,CM,GT,1593999285,1698423200,32,Silver,1787,1833,61,48,10,1971,2016,76,36,14,1899,1981,156,68,31,0,2987,39,36
Player 99,IM,UA,1516314977,1653994613,6,Elite,2201,2400,701,561,31,2602,2602,939,617,147,2318,2318,3,1,0,2280,3155,29,28
Player 100,NM,US,1304750988,1699105354,129,Champion,2379,2259,394,227,12,2493,2499,4133,2516,204,1234,1234,1,0,0,0,2832,71,68
Player 101,IM,MX,1538342985,1699282695,56,Crystal,1940,2094,3674,2734,259,2171,2249,1575,1125,208,2111,2334,153,95,17,0,2741,19,19
Player 102,FM,US,1395421030,1699120822,34,Wood,2522,2522,100,31,6,2547,2547,252,154,32,2236,2236,32,3,2,2281,3002,62,59
Player 103,NM,US,1347313901,1699278883,37,Legend,1889,2123,4,7,1,2242,2340,10499,9695,1098,2155,2155,1,0,0,2210,3314,14,14
Player 104,NM,US,1536286003,1699204334,24,Champion,2424,2451,950,808,126,2372,2478,971,899,187,2346,2375,202,223,41,2200,3593,67,64
Player 105,CM,US,1425160082,1699236027,119,Bronze,2047,2221,1835,1932,193,2166,2168,1123,1008,70,2025,2025,16,3,0,2108,2768,37,34
Player 106,CM,BA,1401557390,1695159667,58,Wood,2348,2420,840,479,70,2436,2490,649,401,101,2092,2181,52,8,3,2250,2803,51,48
Player 107,IM,ES,1546154093,1698613517,4,Bronze,2590,2440,33,17,3,2566,2664,422,313,36,2400,2400,1,0,0,0,1200,43,40
Player 108,GM,US,1462126955,1699139943,440,Wood,2616,2616,24,18,4,2687,2739,301,218,42,2593,2596,2,0,0,2595,3304,51,48
Player 109,FM,US,1307003011,1699121106,906,Silver,2552,2820,38359,18121,2469,2491,2610,2246,1056,165,2218,2494,80,12,2,2318,3148,74,71
Player 110,IM,US,1263174048,1699269827,152,Silver,2730,2763,89,65,4,2699,2776,760,491,92,2305,2397,58,25,22,2402,3389,60,57
Player 111,IM,CZ,1577997578,1698701101,57,Silver,2441,2508,859,790,69,2384,2384,229,225,41,2206,2327,50,25,14,2276,3454,62,59
Player 112,FM,IN,1492574405,1698845246,241,Legend,2317,2317,728,653,62,2427,2494,1601,1186,146,2098,2122,550,381,41,2248,3338,52,49
Player 113,WGM,US,1342594138,1699213149,1685,Silver,2501,2638,241,232,40,2630,2695,512,399,76,2441,2580,8,8,5,2377,3546,87,84
Player 114,NM,US,1578776110,1699225156,138,Champion,2615,2897,4915,5023,1006,2548,2693,1208,1100,246,2413,2589,34,26,3,2220,3075,54,51
Player 115,GM,RO,1470584596,1699134441,915,Crystal,2848,2962,1222,1054,212,2912,3038,1302,766,297,2631,2810,48,14,21,2655,4195,77,74
Player 116,WGM,GE,1438773639,1699289433,4598,Crystal,2366,2535,1487,1400,166,2332,2431,510,425,116,1425,1433,2,2,0,2365,3202,67,64
Player 117,NM,CA,1239578760,1699291710,230,Legend,1732,2054,4,9,0,2302,2424,10392,8019,1960,2423,2431,188,102,43,2240,2732,58,54
Player 118,CM,FR,1682377698,1699042767,15,Champion,2165,2189,37,23,5,2363,2399,303,243,39,2069,2393,6,10,1,2138,2273,51,48
Player 119,WGM,BY,1484164297,1698776365,12,Bronze,1922,2260,219,211,7,2187,2282,338,283,41,1600,1955,1,2,1,2196,2431,52,49
Player 120,NM,US,1381442977,1698376558,36,Crystal,2184,2335,83,80,11,2226,2310,4018,3503,384,2097,2150,12,7,1,2237,2735,43,40
Player 121,IM,DE,1387396438,1699288407,17,Bronze,2424,2424,112,70,3,2559,2609,1798,1362,167,1550,1757,20,14,2,2350,3631,63,60
Player 122,CM,JO,1325848843,1699271211,43,Crystal,2608,2774,486,318,37,2553,2682,669,528,81,1976,2144,37,19,2,2168,3000,49,46
Player 123,FM,DE,1510436928,1699272740,30,Silver,2164,2270,154,101,13,2335,2389,556,382,51,2028,2326,2,2,1,2336,2291,37,35
Player 124,NM,US,1252526881,1691357939,1054,Champion,1922,2063,324,67,8,1881,2249,11007,2865,360,1989,2331,157,50,14,2300,1941,24,22
Player 125,NM,US,1485279213,1699285590,82,Legend,2505,2532,684,514,79,2390,2524,6529,4896,937,2157,2160,7,1,2,0,3507,50,47
Player 126,FM,US,1569079703,1699126094,151,Silver,2364,2364,18,3,0,2460,2460,724,490,132,2232,2417,69,3,11,0,3043,55,52
Player 127,CM,CO,1502898521,1699293790,9,Bronze,2365,2516,976,423,45,2228,2300,418,217,27,1806,1882,15,10,4,1884,3294,55,52
Player 128,GM,FR,1457635616,1695845228,177,Silver,2627,2827,12072,8464,1105,2766,2996,2907,1999,422,2500,2572,19,22,4,0,3106,37,36
Player 129,IM,PL,1513533577,1697865102,40,Elite,2490,2522,199,73,23,2587,2701,963,681,199,2249,2516,21,6,4,2382,3146,60,57
Player 130,WIM,ID,1440688205,1697623833,55,Silver,2134,2629,220,193,23,2358,2432,129,105,14,1843,2066,7,10,6,2026,3001,58,55
Player 131,FM,IN,1544612578,1699189654,36,Champion,1830,1830,1,2,0,2325,2525,3254,3554,416,2059,2059,2,0,0,1760,1800,50,47
Player 132,FM,NO,1488037609,1699287705,26,Legend,2613,2651,739,595,48,2704,2704,987,862,134,2437,2460,422,292,74,2262,3653,66,63
Player 133,FM,PK,1454669862,1697986661,68,Silver,1906,2144,235,202,15,2096,2251,5715,5183,330,1503,1503,3,1,0,2270,2663,39,36
Player 134,NM,US,1461501909,1696128375,116,Wood,2733,2761,1059,870,112,2504,2625,503,361,54,2253,2403,11,0,1,2201,3150,63,60
Player 135,FM,CO,1276477311,1698614897,116,Crystal,2408,2456,1917,1678,167,2277,2546,3992,3336,426,2075,2075,3,0,0,2234,2769,41,38
Player 136,NM,US,1444498410,1699291823,125,Champion,2371,2583,3023,2142,240,2511,2511,3862,3103,341,2127,2232,42,10,15,3000,3422,54,51
Player 137,WCM,GB,1603040355,1699088636,14,Wood,1840,1248,5,8,2,2155,2155,53,54,14,1840,1411,300,224,44,1840,2093,26,23
Player 138,NM,BR,1542142041,1699036653,1383,Wood,3101,3151,2415,2529,252,2751,2788,694,574,117,2432,2432,249,137,37,2100,3390,47,44
Player 139,WCM,KR,1562316853,1695972192,31,Bronze,1575,1714,7,10,0,1606,1658,271,187,19,1910,1910,132,105,22,0,2750,42,39
Player 140,FM,IN,1435946245,1699211525,65,Elite,2342,2239,152,97,10,2586,2735,5863,5790,1095,1319,1423,18,2,0,2273,2557,53,50
Player 141,CM,PL,1372004291,1699298044,3,Elite,2125,2148,182,77,11,2422,2459,233,138,34,2341,2572,5,3,1,2129,3602,61,58
Player 142,FM,US,1387672534,1699291026,63,Crystal,2354,2300,367,215,22,2435,2515,2622,2180,318,2030,2030,19,3,3,0,1928,46,43
Player 143,CM,AT,1587811901,1699299077,35,Legend,2353,2364,586,387,55,2177,2285,697,433,87,2145,2210,70,27,15,2210,3408,56,53
Player 144,IM,FR,1306791757,1699268956,86,Champion,2594,2656,352,231,19,2400,2689,1492,1206,189,2354,2354,8,0,1,2320,3090,44,41
Player 145,WFM,ID,1379722107,1699022632,20,Bronze,2383,2440,838,641,75,2289,2350,129,84,18,2001,2001,1,0,0,2153,3123,53,50
Player 146,FM,XX,1459953396,1698785430,283,Crystal,2766,2797,495,468,77,2833,2896,3654,3211,802,2442,2442,2,0,0,2467,3202,65,62
Player 147,WFM,GR,1224804007,1699296184,133,Crystal,1842,1928,1272,1129,40,1996,2151,786,653,36,1709,2124,17,12,1,1983,3034,67,64
Player 148,CM,IN,1264093254,1699162546,179,Silver,2348,2475,754,588,92,2447,2627,2807,2214,485,2385,2406,11,4,2,2239,2401,59,56
Player 149,IM,US,1466608301,1699027435,112,Silver,2133,2462,215,43,11,2465,2465,230,20,8,2119,2310,51,5,9,0,3113,55,52
Player 150,NM,UA,1430422872,1687678274,96,Stone,2123,2085,38,20,6,2183,2269,169,147,33,1609,1934,8,2,0,2101,2099,38,35
Player 151,FM,SK,1589391716,1693903731,80,Bronze,2143,2558,872,765,57,2208,2334,133,102,15,2469,2469,1,0,0,2203,2895,60,57
Player 152,FM,FR,1472555844,1699211045,69,Elite,2553,2612,577,394,82,2512,2612,561,375,97,1517,1517,11,5,1,2050,3495,50,47
Player 153,FM,KZ,1544856078,1699027272,50,Crystal,2472,2495,171,40,16,2275,2518,210,88,30,2012,2079,32,6,1,2293,2580,58,55
Player 154,FM,UG,1274802031,1699179447,149,Bronze,2450,2000,4,7,0,2425,2558,4293,4059,350,2135,2272,12,10,4,2265,2306,28,25
Player 155,FM,IN,1587477445,1699282629,24,Bronze,1576,2201,31,27,2,2190,2279,987,1202,100,1802,2202,4,7,1,2117,3002,38,35
Player 156,FM,TR,1405673426,1699295467,17,Elite,2508,2680,1025,820,164,2439,2469,597,572,136,2174,2174,216,198,42,0,1238,50,47
Player 157,WFM,IN,1304577977,1699217905,46,Legend,1740,2049,8435,7216,487,2068,2268,13581,12372,1427,2038,2100,1283,1127,154,0,2721,48,45
Player 158,CM,SZ,1462976167,1699267178,85,Legend,1756,1822,84,65,2,1841,1990,1259,1183,116,2109,2259,1355,1210,218,1710,2786,31,29
Player 159,GM,NL,1340530793,1690185726,28,Stone,3034,3034,102,54,11,2734,2763,341,268,38,2587,2717,5,3,4,2620,2734,50,47
Player 160,FM,IT,1525460582,1698083805,11,Crystal,2181,2181,16,12,0,2304,2377,89,73,9,2298,2315,18,9,6,0,1047,42,39
Player 161,WCM,CY,1485509665,1699275147,62,Silver,1856,1539,1,1,1,2334,2453,87,75,9,2071,2071,4,0,0,1856,3209,58,55
Player 162,CM,IN,1653840488,1698764224,2,Crystal,1833,1869,41,27,3,2185,2274,194,215,22,2114,2114,1,0,0,2218,3174,32,29
Player 163,CM,JP,1370081299,1699267424,29,Silver,2198,2220,304,142,24,2483,2540,514,202,64,1980,2101,43,6,1,2271,3423,40,38
Player 164,WIM,ZA,1598537316,1697729752,3,Silver,1848,2041,126,98,2,1732,2191,28,35,5,2046,2169,53,48,10,0,2922,39,36
Player 165,FM,RU,1521916398,1698620034,4,Wood,2308,1395,1,0,0,2341,2392,196,141,23,2308,1503,3,0,0,2308,1014,41,38
Player 166,WCM,XX,1511739300,1699233150,57,Silver,1826,2226,53,64,12,1818,2098,346,316,42,1944,1990,3,1,1,0,2948,47,44
Player 167,NM,US,1380075999,1699060295,196,Champion,2089,2277,16990,13521,1442,1663,2181,1597,926,268,1775,1775,733,443,207,2200,1955,47,44
Player 168,CM,MZ,1197748544,1697615899,127,Crystal,1617,2121,3872,4236,89,2049,2252,1807,1791,131,2083,2541,7,4,0,2051,2933,41,38
Player 169,GM,US,1389043258,1699309272,1176107,Legend,3276,3570,11660,1645,732,3234,3332,25400,4388,3375,2757,2927,162,45,161,2814,3427,126,123
Player 170,CM,AU,1246501492,1699248475,69,Legend,2164,2290,200,175,12,2132,2446,5926,4987,520,2457,2457,25,5,1,2072,3198,60,57
Player 171,FM,RU,1408377595,1642502232,7,Bronze,2665,2787,1960,925,209,2694,2714,907,571,204,2200,1665,3,0,0,2301,3271,59,56
Player 172,WIM,RU,1498163292,1686653613,57,Crystal,2239,2246,422,398,39,2403,2496,833,739,120,1487,1979,65,5,2,0,3366,65,62
Player 173,WCM,HU,1605343164,1698725387,5,Silver,2156,2404,280,369,36,2053,2303,79,92,8,1717,1916,25,13,5,1836,2669,50,47
Player 174,NM,US,1316297834,1699290091,69,Stone,2263,2362,3407,2676,174,2445,2493,3410,2846,254,1986,1986,98,58,7,2259,3642,68,65
Player 175,IM,AE,1471885050,1699217338,77,Champion,2863,2924,2025,1750,307,2845,2861,2668,2276,584,2374,2374,1,0,0,2390,3034,48,45
Player 176,FM,KZ,1523641467,1699245239,80,Bronze,1812,2529,140,148,34,2701,2755,1506,1519,398,1893,2400,16,15,1,0,3760,87,84
Player 177,IM,RU,1586494985,1699285781,17,Crystal,2525,2659,8,3,1,2802,2912,774,425,86,2453,2706,10,4,3,0,3639,73,70
Player 178,NM,UA,1486135498,1699271340,971,Legend,2792,2823,5110,3188,874,2708,2838,11175,8569,3072,2255,2407,544,57,88,2400,3572,58,55
Player 179,IM,MA,1393444577,1699199129,253,Elite,2557,2753,443,346,38,2697,2803,948,743,90,2303,2464,23,1,1,2420,3497,64,61
Player 180,NM,US,1545773869,1699312946,19,Stone,2224,2095,121,79,8,2220,2346,212,164,24,2381,2381,113,69,16,2222,3057,42,39
Player 181,FM,GB,1474894588,1699239065,45,Champion,2443,2589,283,168,17,2429,2541,574,510,99,2179,2250,30,20,9,2311,3594,52,50
Player 182,FM,BR,1371395183,1699280533,401,Legend,1821,1821,4,2,0,2065,2308,6869,5316,731,2267,2449,4254,3222,759,0,2521,28,26
Player 183,IM,US,1291341884,1693697031,43,Wood,2445,2340,178,134,22,2583,2625,1210,862,131,2408,2408,19,3,2,2397,2944,53,51
Player 184,IM,US,1487346223,1698820151,27,Elite,2418,2443,315,195,36,2506,2734,2296,1465,302,2445,2445,4,0,4,2367,3081,60,57
Player 185,NM,US,1368720147,1699306172,521,Legend,2156,2156,1,0,0,2161,2369,22764,21316,1910,1983,2232,1,1,0,0,2767,32,31
Player 186,NM,CA,1376684951,1699314130,553,Legend,2544,2605,8763,7292,912,2425,2598,12202,10764,1633,2407,2429,853,440,148,2051,3564,70,67
Player 187,CM,CZ,1548001443,1699295539,36,Champion,2467,2602,1764,1289,218,2553,2608,1419,829,223,2085,2126,101,22,25,2149,3302,65,62
Player 188,IM,GB,1475154280,1672413175,1,Wood,2380,2230,2,0,0,2409,2476,46,26,6,2445,2445,5,0,0,2402,3165,43,41
Player 189,NM,DE,1565296988,1699299467,2589,Legend,2545,2836,9582,12337,1367,2307,2580,11193,12596,1568,2075,2435,242,165,26,3000,3323,65,62
Player 190,FM,BR,1464661656,1699287768,148,Legend,2579,2734,1347,1169,204,2423,2674,4614,3780,816,1869,1919,10,7,1,0,2217,41,38
Player 191,NM,US,1582232574,1699257533,65,Champion,2683,2738,2295,1405,217,2644,2715,1565,940,147,2519,2519,193,54,21,2200,3598,60,57
Player 192,WFM,KZ,1339580014,1699287662,41,Crystal,1858,1708,11,7,0,1780,1977,272,193,31,2159,2218,82,51,8,2097,1058,53,50
Player 193,FM,IS,1260929659,1699294077,102,Silver,2461,2646,130,69,8,2427,2494,860,589,116,2222,2439,8,5,3,2339,3496,55,52
Player 194,GM,RS,1504651033,1698337032,55,Crystal,2599,2449,177,43,35,2712,2772,1210,895,283,1427,2502,2,4,1,2479,2596,59,56
Player 195,NM,PL,1430895587,1698085800,134,Crystal,1978,2015,17,3,1,2142,2307,1831,1328,312,2328,2335,37,11,4,2158,3196,32,31
Player 196,FM,PL,1536706678,1688838110,11,Bronze,2327,2327,5,2,0,2391,2439,128,126,14,2246,2246,1,0,0,0,1200,25,22
Player 197,CM,RS,1587486256,1699304329,44,Silver,2484,2611,383,300,41,2529,2551,248,171,33,1822,2313,25,6,0,2311,3208,55,52
Player 198,FM,SE,1490439481,1699078881,9,Silver,2313,2316,9116,8042,486,2347,2351,2075,1733,184,2281,1912,2,1,1,2281,3564,50,47
Player 199,NM,XX,1490453256,1699278772,63,Crystal,2547,2547,9344,4257,465,2529,2588,916,649,135,2208,2208,37,12,2,2365,3321,60,57
Player 200,FM,RU,1536589822,1699099845,42,Champion,2418,2418,5,1,1,2574,2724,2188,2212,453,1522,1968,1,6,2,2320,3348,66,63
Player 201,CM,US,1498766164,1699304643,199,Crystal,2536,2653,1392,1115,271,2547,2639,1432,1161,276,2363,2384,44,16,12,2203,3110,44,41
Player 202,FM,RU,1515442294,1679054427,12,Silver,2422,2533,94,63,6,2444,2510,406,388,67,1319,2300,107,108,24,2299,3103,47,44
Player 203,WGM,IT,1344717960,1699063350,2666,Bronze,2171,2347,282,127,11,2351,2428,368,185,44,2413,2413,11,2,0,2108,2731,49,47
Player 204,GM,IN,1558072018,1699095838,1126,Champion,3068,3218,4071,2939,535,3059,3105,1531,856,425,2692,2724,68,30,40,2609,3884,80,77
Player 205,FM,CA,1315340925,1699315892,133,Elite,2672,2848,2093,2069,265,2653,2741,1564,1228,278,2503,2525,19,9,57,2300,3396,56,53
Player 206,IM,BE,1367514801,1698583026,22,Stone,2234,2299,162,115,8,2364,2365,58,38,2,2165,2165,16,5,2,0,2425,50,47
Player 207,FM,NO,1449173955,1684306096,73,Silver,1780,2196,750,721,40,2295,2437,8866,8291,1575,1920,2165,8,7,1,2331,2728,39,36
Player 208,GM,RS,1184715283,1699313104,253,Bronze,2600,2641,167,180,22,2680,2772,649,668,117,2513,2527,48,17,10,2501,3516,59,56
Player 209,IM,IT,1588117059,1678262014,23,Silver,2203,2250,740,262,57,2399,2455,749,504,73,1117,1117,1,0,0,2406,2746,20,17
Player 210,FM,HU,1689082773,1699306308,9,Champion,2281,2425,168,160,15,2346,2487,277,233,31,2362,2457,13,7,2,2160,3324,57,54
Player 211,IM,MD,1536253857,1699115769,35,Legend,2556,2629,140,55,10,2507,2666,7466,6368,1020,1411,1411,12,1,0,0,3175,59,56
Player 212,IM,PA,1377979365,1698714105,97,Wood,2493,2493,23,15,2,2405,2405,395,189,17,2451,2451,11,1,4,2409,3032,64,61
Player 213,FM,UA,1451850834,1688116196,56,Silver,2389,2672,1638,1293,164,2756,2780,1141,951,174,2036,2036,16,1,7,2303,3410,60,57
Player 214,FM,IT,1236513867,1672651283,25,Crystal,1911,2140,749,602,39,2077,2202,327,189,52,1870,2140,12,1,0,2282,400,33,30
Player 215,GM,GB,1474756769,1698324039,274,Champion,2473,2517,453,284,41,2517,2745,3236,1537,526,2351,2520,122,17,31,2500,2703,48,45
Player 216,FM,RS,1446136319,1699196913,45,Elite,2168,2331,5253,3183,388,2336,2405,1420,476,83,2021,2048,70,22,4,2248,400,25,22
Player 217,WIM,US,1487405239,1699212517,18,Silver,2166,2016,1,0,0,2064,2194,319,296,25,2021,2200,15,12,2,2213,3005,63,60
Player 218,NM,US,1544486392,1699315294,59,Champion,2436,2563,1279,1038,136,2414,2544,992,843,136,2128,2141,122,113,37,1676,3775,72,69
Player 219,NM,US,1250096543,1699302883,163,Elite,1848,1926,31,16,2,2061,2126,1851,1258,178,2050,2515,815,727,147,2144,2947,31,28
Player 220,FM,CH,1425937728,1699314210,11,Crystal,2321,2355,279,29,10,2500,2500,55,5,0,2275,2275,2,0,0,2351,3308,40,39
Player 221,WFM,FR,1569003834,1698675597,16,Silver,2350,2350,1,0,0,1799,2201,98,53,6,1856,2154,9,4,1,0,2159,14,12
Player 222,FM,RS,1230848082,1699282005,433,Crystal,2600,2698,890,707,126,2726,2738,3051,2684,559,2416,2599,46,5,14,2365,3014,56,53
Player 223,FM,AU,1647818301,1699275825,59,Silver,2252,2461,88,130,11,2288,2379,141,96,9,2150,2225,9,4,1,2098,3369,62,59
Player 224,NM,BR,1513994546,1699229450,125,Champion,2200,1802,36,17,0,2265,2313,1455,1112,266,2193,2221,33,14,6,2079,3352,34,32
Player 225,WFM,AZ,1531743931,1699292672,104,Crystal,1956,2006,175,308,17,1780,1901,274,212,15,1934,1989,21,10,2,2110,3125,52,49
Player 226,IM,AR,1352593687,1699280629,323,Bronze,2654,2654,369,280,34,2688,2767,1910,1527,290,2125,2316,38,1,1,2416,3277,43,41
Player 227,GM,RO,1399142135,1699282343,278,Legend,2054,2173,9,4,0,2707,2796,5663,5447,1145,1763,2281,33,8,15,0,3860,66,63
Player 228,CM,BR,1439063591,1699257531,82,Crystal,2542,2550,8221,8334,659,2358,2565,2125,1982,252,2416,2520,6,5,1,0,2383,44,41
Player 229,GM,IL,1395701467,1698067277,57,Silver,2353,2203,2,0,0,2759,2815,618,305,123,2465,2719,26,21,6,2600,3737,51,48
Player 230,FM,TR,1385581053,1699280496,72,Silver,2209,2279,25,19,4,2410,2410,299,185,21,2349,2349,35,20,8,0,3437,63,60
Player 231,WFM,KE,1464855382,1699294680,145,Crystal,1497,1644,342,344,34,1813,1947,233,189,53,2006,2016,137,76,32,1527,2703,49,46
Player 232,GM,IN,1248883729,1699179044,877,Crystal,2620,2833,1059,999,120,2551,2714,493,415,89,2115,2612,2,4,5,2489,3626,69,66
Player 233,FM,AR,1545515371,1699064250,4,Crystal,2293,2293,77,28,4,2339,2482,76,38,8,2215,2037,2,0,0,2215,2568,39,37
Player 234,CM,DO,1472158124,1695151845,18,Bronze,1950,2000,4027,4428,147,1953,2102,1523,1412,78,1953,1800,2,0,1,1976,3224,17,16
Player 235,NM,RO,1420318151,1699273626,43,Silver,1956,2255,214,163,29,2331,2351,467,413,74,2078,2119,11,6,1,1935,2927,50,47
Player 236,GM,US,1355764723,1699305486,358,Champion,2884,2996,650,381,66,2800,2960,2463,1857,537,2660,2660,3,0,0,2658,2548,50,47
Player 237,NM,IT,1272320883,1699030067,112,Elite,1904,2078,706,702,27,2204,2219,2132,1883,137,2316,2316,1,1,0,2195,2803,18,16
Player 238,FM,UA,1521981183,1699311175,98,Champion,2638,2706,1428,1728,192,2815,2815,2967,3599,614,2491,2508,343,173,50,2258,3773,66,63
Player 239,NM,GB,1386594286,1696347820,54,Crystal,2000,2181,33,38,0,2059,2260,6092,4651,411,1674,2016,17,14,4,2251,2582,17,14
Player 240,WFM,MX,1480897663,1699318504,129,Silver,1961,1998,63,36,4,2203,2232,434,371,34,1920,1952,120,71,7,1920,2615,39,36
Player 241,FM,RS,1244877336,1698988303,271,Crystal,2304,2514,8491,9134,1558,2380,2502,593,596,177,1870,1870,2,0,0,2279,2502,56,53
Player 242,NM,BR,1381764692,1699271896,303,Legend,2213,2213,38,27,0,2174,2282,4364,2239,227,2346,2346,788,203,44,2145,3270,59,56
Player 243,IM,BR,1287253387,1699230065,52,Stone,2337,2209,16,5,1,2467,2467,109,55,10,2317,2317,4,0,0,2400,2876,53,50
Player 244,GM,AU,1317105676,1699318034,666,Crystal,2719,2780,440,200,27,2838,2943,2237,1535,398,2436,2729,31,7,13,2500,3391,61,58
Player 245,IM,NO,1320762464,1699298156,142,Crystal,2654,2700,243,125,17,2666,2730,805,447,98,2364,2623,7,4,1,2431,3063,56,53
Player 246,GM,AU,1373810956,1699274244,688,Silver,2256,2671,89,42,12,2587,2668,4171,1629,641,2534,2534,1,0,0,2500,3026,61,58
Player 247,IM,RU,1453209828,1699280440,14,Stone,2454,2535,147,137,14,2361,2449,146,74,10,2293,2293,23,5,1,0,3005,33,32
Player 248,CM,VE,1445813711,1699208742,13,Bronze,2413,2413,846,681,40,2055,2381,327,217,38,2414,2414,1,0,0,2253,2829,38,35
Player 249,NM,US,1280465203,1697889310,79,Crystal,2450,2538,5750,5807,846,2400,2472,4745,4755,739,2300,2300,225,205,50,2200,3384,56,53
Player 250,GM,IN,1588606684,1683229754,774,Elite,2679,2849,120,108,15,2981,2991,920,863,202,2459,2600,10,10,5,2612,3069,68,65
Player 251,GM,EC,1493656491,1698914277,3462,Crystal,2464,2684,1012,594,89,2556,2688,823,223,71,2440,2520,15,16,9,2498,2538,47,44
Player 252,FM,ZA,1474203600,1698928787,33,Silver,2415,2415,69,14,4,2555,2678,3195,2566,614,2175,2212,83,21,17,2134,2405,57,54
Player 253,FM,US,1339548377,1699136681,89,Bronze,2283,2412,520,462,51,2378,2476,345,277,51,1906,1906,14,1,1,0,3106,57,54
Player 254,NM,RO,1200327873,1699125547,114,Silver,1908,2093,36,28,4,2154,2291,471,308,45,1861,2065,2,0,1,2223,3325,67,64
Player 255,NM,US,1519690134,1699233288,27,Crystal,2299,2520,1244,1180,131,2314,2436,1590,1452,171,1803,2059,11,7,1,0,2827,48,46
Player 256,IM,HU,1383592659,1699306810,88,Stone,2428,2315,59,16,6,2693,2693,356,154,62,2385,2548,39,15,5,2465,3175,44,41
Player 257,FM,CA,1568319654,1698875779,87,Stone,2350,2350,7,6,0,2547,2547,6547,5202,945,2421,2454,9,4,2,0,2376,44,41
Player 258,FM,TT,1340307940,1699317951,35,Elite,2442,2524,599,421,64,2202,2385,730,447,74,2149,2317,147,40,10,0,3091,47,44
Player 259,FM,IT,1587976579,1699103968,17,Elite,2544,2705,2632,2234,428,2605,2630,484,411,127,2430,2516,17,8,1,2313,1200,36,33
Player 260,GM,AM,1506886162,1699205464,772,Crystal,2982,3206,12910,9685,1395,2973,3117,2302,1271,394,2603,2698,47,24,20,2635,2411,50,49
Player 261,CM,LK,1410311372,1696535758,78,Silver,2258,2294,210,138,13,2351,2417,1218,1190,129,1565,1565,4,1,0,1806,2814,44,41
Player 262,CM,CZ,1371051552,1699168972,9,Silver,2472,2574,54,19,7,2427,2560,760,552,114,2346,2472,8,1,1,2328,3544,54,51
Player 263,WFM,IN,1645839316,1699263931,53,Champion,1945,2100,12,11,1,2370,2391,257,88,20,2307,2309,14,6,2,2148,3249,49,46
Player 264,GM,AU,1283935753,1699311545,4118,Bronze,2957,3064,870,296,81,2897,3023,1839,781,220,2612,2877,12,5,6,2690,3637,57,56
Player 265,FM,IM,1624786547,1699280396,22,Legend,2659,2732,273,290,47,2517,2731,2276,2365,455,2519,2519,141,155,41,2306,3700,50,47
Player 266,IM,US,1338488056,1699286395,175,Bronze,2637,2566,177,142,13,2784,2828,310,308,47,2357,2498,13,2,1,2330,2800,49,46
Player 267,FM,CH,1673671628,1699314209,5,Legend,2064,2378,57,52,2,2415,2446,706,515,74,2324,2325,2,0,0,0,3870,69,66
Player 268,IM,XX,1518089255,1699108556,168,Elite,2539,2634,77,61,8,2608,2754,2095,1630,413,2222,2281,17,16,6,2450,3560,47,44
Player 269,FM,IR,1554505559,1699303841,361,Champion,2471,2844,3171,3112,433,2266,2776,4324,3894,650,1744,1923,3,2,1,0,2753,49,46
Player 270,GM,AR,1481090906,1698346812,96,Elite,2775,2836,31,27,3,2738,2856,2115,1371,247,2441,2686,14,23,6,2537,1200,42,39
Player 271,CM,US,1271119314,1699299557,172,Silver,2105,2159,997,1015,83,2199,2325,6803,7220,1095,1862,1961,638,632,109,2131,2947,44,41
Player 272,GM,IN,1586620885,1699278207,144,Champion,2364,2477,10765,8974,645,2610,2610,104,76,26,1900,2192,11,9,0,0,2400,29,27
Player 273,IM,US,1583392157,1699220866,195,Champion,2397,2611,3460,3926,545,2548,2637,3101,3310,731,2430,2470,21,3,9,2401,3330,64,61
Player 274,CM,XW,1378757758,1699293752,128,Legend,2175,2175,1,1,1,2125,2382,3595,2917,511,2182,2182,3,1,0,2253,3162,29,26
Player 275,NM,BR,1637332355,1699318400,147,Legend,2099,2315,1887,2068,237,2113,2266,1764,1990,282,2172,2190,38,27,7,1736,3158,32,30
Player 276,NM,US,1515549715,1699301499,64,Champion,2272,2556,2127,1533,214,2379,2549,3039,2025,311,2310,2403,139,80,13,2200,3316,52,49
Player 277,CM,UA,1474393041,1698994977,42,Crystal,1858,1858,84,44,6,2213,2267,879,617,157,2347,2379,502,295,104,2035,3176,39,36
Player 278,NM,BR,1558134289,1699287740,1180,Champion,2850,2916,1368,1993,256,2818,2838,2737,3449,703,2521,2521,10,1,2,2237,3540,63,60
Player 279,GM,RU,1444593510,1698763035,113,Bronze,2727,2727,39,8,2,2680,2797,417,269,79,2277,2455,10,7,5,2518,2540,62,59
Player 280,NM,PH,1497253164,1699285005,102,Legend,2280,2336,285,129,16,2541,2566,2009,1545,232,2140,2419,25,14,0,2247,3173,63,60
Player 281,IM,TR,1258531305,1699224133,482,Champion,3001,3120,3116,2688,480,2836,2940,840,681,210,2456,2456,9,2,4,2430,3894,88,85
Player 282,FM,PR,1491272043,1699279779,31,Crystal,2632,2632,744,544,90,2524,2540,692,500,88,2286,2286,63,25,14,2146,3361,34,31
Player 283,CM,MN,1585561839,1699288138,58,Crystal,2706,2713,524,350,49,2652,2703,193,135,25,2002,2167,22,5,5,2336,3624,56,53
Player 284,CM,AU,1583030039,1699008795,241,Crystal,1909,2022,135,103,7,2125,2292,1558,1211,117,2254,2319,845,720,107,2001,3612,55,52
Player 285,CM,US,1489626742,1699040507,120,Elite,2410,2505,778,565,116,2518,2565,891,673,141,2404,2404,22,4,3,2152,3502,112,109
Player 286,GM,GB,1329914113,1698940962,323,Silver,3004,3004,131,55,14,2890,2957,1301,616,313,2539,2763,37,26,22,2618,3743,63,60
Player 287,IM,GB,1523822652,1699174495,83,Crystal,2543,2615,68,61,15,2585,2643,1060,1095,176,1997,2201,10,5,5,2456,3383,55,52
Player 288,FM,CZ,1438108308,1699125054,40,Elite,2674,2764,1676,1467,146,2615,2706,1358,1072,135,2010,2200,13,15,2,401,3424,55,52
Player 289,FM,NL,1494264067,1699220391,66,Crystal,2431,2442,345,216,36,2350,2405,320,187,51,2305,1583,12,17,10,2305,3215,53,50
Player 290,FM,AU,1180243725,1699278177,105,Legend,2378,2816,2030,435,122,2636,2742,34692,19334,5282,2596,2596,44,3,0,2331,2277,29,28
Player 291,FM,DE,1544369759,1699302531,114,Stone,2067,2162,188,144,15,2158,2267,36,46,6,2227,2310,12,9,4,2314,3382,43,40
Player 292,FM,GB,1585152395,1699036161,38,Champion,2540,2677,1974,1934,290,2706,2706,1285,1125,242,2360,2360,42,18,10,2345,2388,62,59
Player 293,FM,SE,1547484287,1678107938,17,Elite,2480,2528,1073,945,127,2424,2503,1710,1585,280,2317,2317,15,8,4,2215,3083,45,42
Player 294,NM,US,1407680783,1699306294,83,Legend,2493,2537,978,718,49,2715,2780,10274,9748,898,2305,2305,204,117,9,0,3205,72,69
Player 295,IM,RU,1474381430,1697881022,90,Bronze,2760,2881,2462,1785,231,2684,2812,324,213,31,2190,2411,96,17,2,2380,2891,48,47
Player 296,NM,PY,1546984602,1683757283,279,Champion,2338,2620,2283,1805,177,2425,2687,2715,2059,302,2419,2435,84,33,19,0,3368,75,72
Player 297,IM,RO,1200925308,1699254855,400,Champion,2618,2657,3393,2987,422,2610,2642,3442,3093,704,2382,2442,4,0,1,2313,3228,66,63
Player 298,WFM,IN,1639793246,1694188685,15,Silver,1658,1687,48,33,7,2010,2032,86,48,17,2032,2032,2,0,0,0,2795,40,37
Player 299,FM,GT,1586749762,1698541150,16,Champion,1431,1640,3,4,1,2036,2109,2529,1427,322,2252,2289,37,17,4,0,2576,21,18
Player 300,FM,XX,1249305290,1699203460,68,Champion,2605,2673,639,447,50,2473,2627,898,546,127,2377,2432,158,61,22,2322,3176,43,40
Player 301,IM,FR,1542300352,1699308132,5699,Crystal,2765,2878,1855,1929,367,2848,2848,1109,1116,279,2492,2519,76,30,28,2407,3659,76,73
Player 302,GM,LV,1375617889,1699302498,562,Elite,2813,2892,1047,857,154,2879,2941,5703,4398,830,2521,2617,23,17,7,2582,4255,56,53
Player 303,FM,NL,1523791947,1699281554,31,Champion,2446,2636,54,61,11,2481,2576,3328,2274,657,2172,2410,19,8,4,2335,2200,52,49
Player 304,FM,UZ,1404877301,1699078550,120,Crystal,2450,2545,157,170,17,2403,2598,1190,1429,178,2207,2489,4,5,3,2172,3396,32,29
Player 305,NM,BR,1585419781,1674337553,101,Crystal,2227,2386,867,523,80,2392,2462,2827,1283,398,2269,2269,5,3,2,2103,1139,60,57
Player 306,FM,RS,1328055366,1699312196,59,Champion,1906,2152,26,19,0,2262,2394,6420,5636,764,2105,2106,63,19,12,2345,3166,44,41
Player 307,FM,SK,1593772484,1699302873,46,Legend,1933,2376,234,200,12,2365,2487,1904,1590,181,2346,2383,478,330,43,2317,3614,67,64
Player 308,IM,PL,1546220204,1699264166,38,Wood,2350,1214,2,1,0,2356,2356,1554,1094,85,2385,2385,9,0,0,0,2444,24,21
Player 309,NM,US,1294719954,1699312601,423,Legend,2266,2401,911,515,62,2271,2589,13265,10741,1905,2362,2477,91,20,8,2200,2624,41,38
Player 310,GM,PL,1437382558,1698407494,309,Stone,2842,2842,38,21,7,2825,2926,289,119,73,2575,2749,12,4,9,2733,3499,52,51
Player 311,GM,BG,1361965613,1699269396,776,Silver,2706,2706,853,827,92,2691,2722,3650,3438,711,2483,2483,72,24,12,2549,2850,52,50
Player 312,FM,US,1479769176,1699295097,73,Legend,1933,2114,7693,6959,399,2100,2191,1949,1429,154,1963,2512,15,8,1,0,1200,64,61
Player 313,FM,VE,1446500877,1699157596,261,Legend,2421,2577,663,658,70,2436,2581,2256,2336,218,2329,2389,22,7,9,2339,3406,57,54
Player 314,GM,FR,1515159662,1698954343,20088,Bronze,3197,3521,11596,7565,1356,3073,3233,6515,4015,1527,2804,2837,45,26,33,2785,3118,76,73
Player 315,CM,AM,1521931902,1699301652,677,Champion,2404,2416,1386,1265,184,2366,2530,1976,1794,362,2445,2446,40,18,6,2234,3345,37,34
Player 316,NM,CY,1403039411,1699301446,450,Champion,2531,2572,1982,1930,257,2432,2548,1392,1258,213,2443,2455,317,238,53,2101,4819,41,39
Player 317,GM,US,1443335311,1699316196,672,Silver,3000,3066,95,47,8,2959,3032,3952,2780,783,2527,2801,3,3,2,2699,2217,60,57
Player 318,FM,FR,1374612787,1697829311,14,Champion,2011,2205,54,27,2,2210,2389,5557,4105,557,2252,2252,3,0,0,2364,3122,39,36
Player 319,NM,US,1297985486,1699245937,39,Elite,2005,1974,236,128,10,2116,2331,9466,7920,579,1101,1292,2,2,0,2202,3072,47,44
Player 320,IM,IN,1493359170,1699028319,787,Crystal,2824,2898,1271,1799,184,3037,3037,2203,2570,602,2334,2408,14,7,5,2460,3334,63,60
Player 321,FM,US,1362434164,1697311368,8,Silver,2322,2186,25,6,1,2209,2223,76,31,5,2000,1312,5,5,0,0,2014,42,40
Player 322,NM,TR,1357630465,1699173151,22,Champion,2208,2500,20,22,2,2403,2576,5105,4608,527,2474,2474,23,13,5,0,3140,60,57
Player 323,IM,NO,1519649953,1699273255,68,Elite,2929,2929,24,24,5,2921,2926,2309,2277,584,2531,2531,2,0,0,2496,3744,66,63
Player 324,GM,IN,1346906118,1699303890,367,Stone,2786,2803,1727,1037,297,2687,2807,1651,1206,367,2471,2623,8,0,1,2627,3003,51,50
Player 325,GM,US,1559347257,1698163832,12,Elite,2704,2704,67,24,5,2928,2947,274,99,57,2517,2517,92,16,11,0,3884,72,69
Player 326,FM,PL,1365068185,1699271792,34,Elite,1986,2062,404,239,25,2101,2233,5777,3597,634,1952,2068,161,65,22,2055,3061,4,1
Player 327,IM,CA,1554514625,1699211551,4,Silver,2548,2702,746,553,86,2608,2657,532,390,106,2452,2452,1,0,0,2417,3567,43,42
Player 328,FM,CN,1454120773,1699319359,116,Legend,2869,3007,5740,2244,440,2598,2754,3313,1831,445,2553,2634,267,44,41,2333,3750,60,57
Player 329,NM,BR,1602941806,1699304822,110,Crystal,2295,2585,180,233,27,2365,2651,279,405,63,2403,2502,36,23,14,2157,2024,63,60
Player 330,FM,UA,1460381549,1698677924,121,Silver,2765,2765,307,184,32,2621,2703,630,361,106,2424,2514,8,1,2,2385,3460,67,64
Player 331,CM,RU,1586638689,1699294646,16,Legend,2803,2877,322,219,39,2802,2841,380,308,78,2206,1900,5,0,1,2206,3481,56,53
Player 332,CM,NP,1327405609,1699262759,379,Legend,2464,2520,1104,1149,79,2464,2663,6494,7177,722,2037,2146,44,27,15,2269,2868,41,38
Player 333,IM,PL,1422736766,1698480698,354,Bronze,2515,2523,326,176,23,2462,2541,966,624,93,2151,2151,14,3,0,2422,1200,64,61
Player 334,CM,MX,1467869943,1699200990,378,Elite,2198,2314,404,277,32,2305,2406,2117,1436,227,2241,2333,264,46,11,2023,3109,64,61
Player 335,IM,UZ,1440999635,1698920813,113,Silver,2676,2676,391,327,23,2650,2835,2029,2098,281,2443,2692,25,23,2,2478,3495,64,61
Player 336,IM,PL,1235389071,1699295501,2666,Legend,2964,3009,6495,1439,694,2972,2992,936,462,289,2558,2673,1259,123,145,2448,3714,67,63
Player 337,NM,IT,1513842064,1699291164,49,Champion,2254,2315,386,305,27,2282,2352,2111,1770,172,2147,2238,602,424,53,2238,3204,66,63
Player 338,IM,IN,1410679399,1699277246,141,Silver,2020,2512,164,24,3,2253,2736,367,307,34,2209,2466,161,41,12,0,3152,43,41
Player 339,WFM,UA,1418844500,1699280599,18,Elite,2149,2238,23,36,4,2084,2203,767,752,68,2042,2064,11,8,1,2100,2899,42,39
Player 340,GM,CN,1484528418,1699280950,261,Stone,2500,2305,9,2,0,2815,2816,166,97,56,1826,2020,42,11,6,2489,3709,52,49
Player 341,IM,US,1502295055,1699308730,129,Silver,2684,2853,1652,1257,148,2644,2854,782,630,93,2447,2535,21,9,9,2495,3379,49,47
Player 342,CM,MX,1460736401,1699128643,61,Crystal,2443,2519,92,47,10,2522,2621,1394,964,220,1961,2118,18,2,1,2151,3520,48,45
Player 343,FM,FR,1560576874,1699295479,24,Legend,2066,2350,273,126,30,2208,2416,3548,2522,550,2190,2267,392,115,59,2249,3339,43,40
Player 344,CM,XG,1652349720,1699195902,29,Crystal,2533,2600,457,150,30,2544,2574,294,138,37,1463,1916,4,2,0,2226,3518,60,57
Player 345,WIM,AO,1586797320,1699311445,222,Bronze,1704,1815,3,6,0,1911,1982,767,835,82,1906,1971,33,16,5,0,3086,32,29
Player 346,GM,AR,1429455678,1699208483,721,Champion,3021,3265,3296,2950,532,2851,2973,1349,889,323,2513,2701,37,27,22,2538,3234,61,58
Player 347,IM,BR,1255794235,1699318658,90,Silver,2533,2385,32,23,3,2629,2629,190,181,30,1937,2215,9,8,6,2468,3604,60,57
Player 348,GM,TR,1498831949,1688109255,1167,Legend,2908,3007,2494,1603,204,2903,2986,2925,631,230,2415,2688,469,37,31,2461,3057,56,53
Player 349,NM,US,1332916301,1699230406,70,Champion,1714,1815,6770,6449,133,2214,2280,10178,8682,820,2113,2220,25,20,2,0,2339,29,27
Player 350,CM,KP,1262407743,1699271739,66,Silver,1969,2039,11520,11860,611,2164,2193,5479,5997,353,1982,2105,87,51,15,1830,2878,37,35
Player 351,NM,PH,1564797283,1699185347,159,Champion,1918,2322,451,223,12,2523,2586,606,249,122,2281,2281,108,42,53,2107,3112,64,61
Player 352,NM,IT,1393796706,1697805546,38,Silver,2270,2364,460,371,39,2150,2439,3553,2859,364,2090,2328,46,23,7,2173,2865,43,40
Player 353,NM,US,1402802941,1699319264,201,Champion,2616,2704,10002,7073,774,2333,2496,1076,706,114,1576,2087,101,62,6,2250,2731,59,56
Player 354,CM,IN,1355000627,1698045000,134,Silver,2345,2495,396,297,67,2544,2567,444,270,68,1846,1857,20,4,1,2188,3106,66,63
Player 355,IM,IN,1562407124,1698948174,48,Crystal,2619,2689,112,97,12,2631,2663,145,88,34,2300,2300,1,0,0,2478,2633,60,57
Player 356,IM,PL,1350859738,1699300760,485,Crystal,2537,2589,1572,1342,211,2703,2797,2033,1762,580,2412,2455,27,4,6,2447,3444,62,59
Player 357,IM,GE,1462975675,1699196463,213,Elite,2723,2784,883,955,123,2779,2864,2843,3260,624,2433,2615,22,10,2,2416,3405,75,72
Player 358,GM,IM,1333645859,1699215662,13725,Legend,3120,3402,12256,6292,1570,3109,3277,12711,7110,2363,2734,2790,158,68,57,2620,3447,73,70
Player 359,FM,DO,1423243952,1699047489,55,Champion,2230,2133,114,89,13,2310,2465,1181,969,138,2455,2455,9,10,3,2230,2946,62,59
Player 360,NM,UA,1198817209,1698701149,85,Champion,2519,2519,90,39,7,2405,2470,1535,1367,160,2275,2380,21,7,0,2316,2355,38,36
Player 361,CM,BO,1583693158,1699036294,131,Champion,2377,2456,105,82,6,2536,2648,2393,2637,382,2118,2155,12,7,4,2250,2509,37,35
Player 362,FM,SE,1382889774,1699048859,64,Legend,2518,2629,2896,2568,343,2503,2556,1672,1831,170,2201,2284,964,895,120,0,3543,68,66
Player 363,IM,US,1346272867,1699191958,13,Stone,2524,2665,17,35,3,2527,2551,215,172,22,2231,2468,9,4,1,2384,2711,64,61
Player 364,IM,CA,1312499090,1699235287,125,Champion,2440,2488,782,670,76,2670,2727,761,541,148,2451,2486,106,25,24,2454,3070,54,51
Player 365,WIM,IN,1573415169,1698221348,22,Wood,2157,2157,3,0,0,1966,2240,42,31,10,2240,2240,1,0,0,0,2100,36,33
Player 366,WFM,US,1558460518,1699254976,285,Silver,970,1645,955,988,33,2051,2086,144,132,12,2105,2105,2,0,0,2104,2292,37,34
Player 367,WIM,IN,1479319582,1696131698,50,Crystal,2521,2624,1238,1190,174,2468,2665,409,391,74,2440,2460,2,3,1,2257,3249,62,59
Player 368,FM,IR,1317906792,1699296311,340,Champion,2712,2840,329,364,36,2684,2855,2279,2165,439,2367,2393,4,0,1,2292,3174,61,58
Player 369,CM,CR,1496337029,1696811875,11,Silver,2062,2143,233,187,26,1918,2104,479,374,37,1958,1988,99,45,10,2057,3016,45,42
Player 370,NM,US,1279382430,1699300971,37,Legend,1441,1540,30,22,0,2105,2309,19773,17815,2170,2325,2350,11,5,1,2220,3241,30,29
Player 371,NM,GB,1442542524,1699058943,60,Silver,2287,2520,193,133,14,2296,2434,563,483,86,2117,2192,17,6,2,420,3004,42,41
Player 372,GM,RO,1461965678,1699290384,56,Champion,2469,2495,142,79,9,2623,2739,769,449,92,2360,2460,10,7,9,0,2668,42,39
Player 373,GM,MN,1585017481,1693570035,199,Legend,2497,2610,16,9,3,2719,2829,23241,20201,5390,2118,2162,7,4,2,2318,2472,51,48
Player 374,CM,TH,1372670691,1699316052,21,Champion,2043,2203,1063,933,92,2290,2418,8484,8681,1183,1539,1582,29,43,2,1870,2978,47,44
Player 375,CM,DE,1693427914,1699314478,2,Champion,2062,2272,593,447,86,2103,2294,128,148,47,2311,2374,2,1,0,2148,2437,29,26
Player 376,IM,IR,1552158158,1699272719,113,Legend,2673,2760,580,466,72,2794,2928,2535,2457,522,2193,2189,103,19,14,2410,3559,79,76
Player 377,CM,US,1572415224,1699312398,64,Silver,1825,1889,276,193,30,2218,2224,810,416,55,1854,1992,232,159,28,2002,3674,49,46
Player 378,FM,DE,1656953811,1699302182,8,Champion,2341,2343,84,48,11,2429,2486,354,255,57,2626,2626,8,1,1,2273,3159,59,56
Player 379,WGM,FR,1598695369,1699097204,136,Silver,2199,2648,32,57,6,2402,2506,80,94,17,1714,2304,4,0,2,2319,3056,38,36
Player 380,FM,CZ,1584797048,1699194770,21,Champion,1861,1909,14,6,2,2301,2387,889,590,154,1875,2404,12,6,0,2282,2700,30,27
Player 381,IM,DE,1393183544,1699269466,31,Stone,2585,2660,262,186,32,2679,2701,799,638,147,2106,2400,20,15,13,2364,3453,66,63
Player 382,NM,UA,1587314494,1699284158,113,Elite,2345,2396,714,346,62,2300,2466,711,688,193,2269,2308,137,54,35,2100,1594,35,32
Player 383,FM,UA,1456154637,1699274115,145,Crystal,2605,2630,239,219,24,2469,2583,738,729,114,2250,2250,1,1,0,2419,2842,52,51
Player 384,FM,BB,1200190444,1698560420,43,Legend,2230,2366,27056,23641,789,2555,2585,6453,5989,602,2324,2324,17,3,4,1990,3194,58,55
Player 385,FM,GB,1395089288,1698949434,29,Crystal,2440,2440,35,13,4,2400,2483,761,560,149,2307,2299,182,95,47,2163,3153,40,37
Player 386,GM,IL,1386999044,1699167680,32,Crystal,2237,2634,3189,2157,101,1891,2493,1861,726,120,2474,2500,25,6,2,2405,2878,41,40
Player 387,IM,US,1402595421,1698802019,147,Bronze,2676,2706,284,219,24,2666,2683,1315,814,189,2342,2506,125,26,26,2470,2838,50,47
Player 388,WNM,ID,1374972622,1699262128,69,Silver,2008,2409,256,146,14,2183,2211,264,277,32,1978,2080,16,3,2,1794,2682,44,41
Player 389,WFM,IN,1329383320,1699318098,28,Stone,1886,1950,13,5,0,2280,2386,223,194,30,1980,2209,12,3,0,0,2669,57,54
Player 390,FM,KZ,1586890793,1699292920,64,Champion,2474,2529,188,177,17,2543,2649,1605,1567,244,2162,2206,14,12,1,2300,3020,44,41
Player 391,IM,RU,1562470250,1699167617,28,Crystal,2586,2592,366,196,38,2637,2786,731,430,110,1410,1410,4,0,0,2354,2400,38,36
Player 392,FM,XW,1402184937,1699203179,110,Silver,2316,2316,3,0,0,2323,2482,1095,816,186,2239,2275,29,21,16,2235,2344,55,52
Player 393,FM,NR,1577692838,1681419363,11,Wood,1258,1682,5,15,1,1544,1911,31,18,1,1672,1906,8,11,3,1726,2270,27,25
Player 394,GM,IR,1573681888,1699301926,613,Silver,2857,3063,302,162,34,2775,3022,241,145,43,2372,2635,16,5,7,2537,4145,85,82
Player 395,GM,AR,1472471546,1699184928,443,Silver,2889,2957,1000,857,141,2861,2989,1562,1103,294,2478,2542,35,19,8,2559,3237,48,47
Player 396,CM,SG,1438616937,1699082571,84,Silver,2299,2477,241,156,20,2521,2531,171,64,21,2052,2068,40,7,1,2255,2876,41,38
Player 397,FM,US,1500060999,1693683911,67,Silver,2326,2448,628,396,44,2344,2514,738,464,82,2227,2268,11,4,2,2413,3079,65,62
Player 398,IM,UA,1559894133,1699179488,56,Champion,2615,2615,35,21,5,2665,2716,2353,1599,543,2527,2527,7,0,0,2412,3243,63,60
Player 399,WCM,ZA,1465656034,1699254912,2898,Elite,2001,2001,247,230,19,1983,2053,617,549,49,1945,1958,74,72,14,1656,3001,55,52
Player 400,FM,MN,1538835888,1699018359,16,Crystal,2675,2669,258,191,26,2568,2614,146,102,26,1972,2069,6,2,0,0,3529,58,56
Player 401,FM,AU,1237201184,1699249936,235,Champion,2583,2651,886,839,67,2282,2508,2117,3085,301,2274,2275,233,168,8,2113,3313,65,62
Player 402,CM,EU,1288029761,1699296923,66,Legend,1964,2104,853,854,69,2095,2317,2711,2553,348,1996,2262,47,24,6,2119,3166,55,52
Player 403,FM,IT,1635869770,1699192229,13,Silver,2581,2686,30,17,1,2494,2577,279,301,57,2484,2484,4,0,0,0,3278,44,41
Player 404,FM,SE,1367770478,1699274317,80,Bronze,2411,2489,672,720,54,2616,2653,1684,1613,330,2286,2333,48,44,7,2247,3387,49,46
Player 405,IM,RU,1567201328,1699302394,203,Champion,2841,2855,72,62,15,2975,3075,6548,5619,1734,2605,2622,42,36,24,0,3286,56,53
Player 406,FM,MT,1506799286,1699304919,20,Crystal,2486,2510,596,423,67,2342,2408,1173,974,156,2458,2478,34,5,2,2321,4116,59,57
Player 407,IM,KZ,1419770722,1699306659,600,Silver,2516,2516,31,12,1,2460,2725,1445,1248,178,2322,2504,36,14,4,2380,3107,61,58
Player 408,NM,US,1538006638,1698876921,80,Champion,2668,2753,673,518,78,2479,2685,1291,989,190,1991,2062,54,17,2,2254,3306,56,53
Player 409,IM,RU,1492532385,1699289566,127,Wood,2533,2698,107,100,19,2609,2609,256,176,54,2059,2480,7,7,1,2393,3003,52,50
Player 410,WFM,CA,1592329194,1698439569,29,Legend,2414,2479,806,953,86,2417,2561,3014,3328,376,2120,2236,10,7,1,2179,3111,45,42
Player 411,IM,RS,1351754968,1699210454,180,Stone,2737,2737,252,173,16,2724,2754,134,87,9,2236,2365,27,4,1,2475,3001,40,37
Player 412,NM,FI,1440946228,1699173142,11,Legend,2030,2299,1102,948,111,2056,2228,2317,2056,244,2191,2243,54,26,4,0,2333,44,41
Player 413,IM,MN,1360243286,1699318286,93,Champion,2646,2650,407,384,28,2591,2751,1639,1540,240,2367,2457,90,51,13,2413,4055,75,72
Player 414,IM,UA,1217585591,1699255252,127,Champion,2413,2535,3189,3477,305,2469,2588,4232,4818,569,2312,2339,124,125,27,2308,3419,64,61
Player 415,NM,US,1234511649,1699291321,207,Legend,2219,2301,706,546,105,2261,2428,9420,7466,2088,2309,2357,902,321,196,2200,2774,63,60
Player 416,NM,US,1515429085,1699307720,33,Elite,2533,2691,1853,1648,217,2388,2555,994,966,134,2341,2480,7,2,0,2271,3203,51,48
Player 417,WFM,IT,1339616482,1699204514,663,Wood,2488,2488,70,22,2,2434,2629,984,681,94,1989,1996,12,7,1,2239,3166,81,78
Player 418,NM,XX,1434547837,1699274471,14,Legend,2451,2451,531,351,65,2321,2412,1577,962,174,2076,2092,194,131,28,2333,3260,59,56
Player 419,FM,ES,1392055172,1699222113,173,Silver,2511,2579,359,222,31,2286,2434,113,115,18,2311,2322,12,1,1,2300,2552,60,57
Player 420,GM,RU,1541920092,1686726018,78,Bronze,2473,2523,21,32,4,2596,2730,943,827,107,2383,2500,11,2,0,2490,3663,65,62
Player 421,GM,PG,1382868780,1699310700,3771,Champion,3085,3090,1702,1116,279,3078,3087,5680,2901,1056,2609,2871,260,113,76,2607,3637,70,67
Player 422,NM,US,1381271340,1696693503,76,Silver,2154,2307,888,890,80,2295,2490,2055,2081,281,2241,2243,9,4,3,2800,3576,52,51
Player 423,IM,AU,1383482595,1699246205,23,Legend,2259,2525,1292,1221,90,2433,2592,9151,7714,868,2293,2293,8,1,1,2279,3620,58,55
Player 424,GM,AZ,1520509648,1699238535,127,Bronze,2449,2492,451,312,38,2597,2770,1573,776,298,2429,2562,26,6,3,0,3074,32,29
Player 425,GM,CU,1397933119,1698938699,226,Elite,2447,2576,905,605,61,2609,2720,2660,2111,404,1848,2401,12,2,1,2504,3528,44,41
Player 426,GM,MN,1585654299,1699225984,52,Silver,2624,2630,14,7,2,2786,2786,47,27,11,2365,2640,10,8,6,2454,2574,54,51
Player 427,FM,AR,1550672997,1698508426,17,Stone,2632,2632,54,20,7,2700,2700,623,492,67,2467,2467,3,0,0,2288,2801,36,34
Player 428,GM,DZ,1463576323,1696439663,379,Crystal,2661,2675,356,221,47,2665,2708,1012,686,136,2529,2529,4,0,0,2495,3062,43,42
Player 429,CM,BR,1530107737,1699293753,114,Champion,2006,2125,156,159,9,2054,2251,7713,7073,778,2251,2251,347,275,34,1953,2451,20,17
Player 430,IM,PL,1346169923,1699047759,163,Crystal,2721,2759,2104,1825,292,2780,2932,4606,4030,689,2004,2004,6,1,0,2106,3130,65,62
Player 431,NM,US,1186514635,1699308870,31,Crystal,2255,2604,2920,2281,352,2251,2425,423,376,67,2150,2150,164,235,20,2280,3218,52,49
Player 432,CM,DE,1283935121,1699264099,15,Champion,2285,2611,1854,1196,99,2276,2488,2069,1821,224,2022,2143,1,3,0,2278,3176,45,42
Player 433,IM,FR,1536416806,1699103673,53,Bronze,2839,2861,40,13,11,2319,2694,945,654,200,2031,2180,7,1,0,0,1864,47,46
Player 434,IM,NO,1397676587,1698695073,25,Crystal,2418,2564,78,46,7,2527,2614,885,640,115,1688,1688,4,0,0,0,2602,43,40
Player 435,FM,IT,1452433269,1698604342,34,Bronze,1909,2285,10,4,0,2198,2284,57,35,6,2479,2479,18,0,0,0,2488,47,44
Player 436,CM,HU,1516692004,1699291706,306,Legend,2154,2304,346,211,36,2364,2468,1261,744,134,2224,2224,19,6,3,2245,2744,35,34
Player 437,FM,FO,1396626315,1699135598,9,Crystal,2234,2334,19,1,0,2466,2492,155,100,16,2457,2457,1,0,0,2306,3378,44,42
Player 438,NM,US,1423206300,1699211078,207,Elite,2461,2572,1095,807,107,2396,2466,981,727,110,2325,2360,52,10,11,2200,3427,45,42
Player 439,IM,IT,1333671740,1699315806,515,Bronze,2815,2815,683,462,104,2800,2800,685,517,172,2637,2637,37,2,5,2433,3242,61,58
Player 440,FM,XA,1411768815,1699128848,58,Crystal,2329,2554,48,41,3,2539,2570,264,224,35,2142,2142,5,1,0,2245,3074,50,47
Player 441,FM,UY,1292690922,1699278274,1811,Legend,2123,2204,2630,630,140,2279,2400,814,333,115,2350,2354,104,32,29,2304,3518,41,38
Player 442,FM,RU,1319548911,1697662025,32,Bronze,2521,2521,1126,815,80,2511,2615,3283,2452,358,2339,2339,1,0,0,0,3562,79,76
Player 443,GM,FR,1466038494,1699209128,669,Elite,3006,3173,2989,1206,244,2974,3065,1785,1218,321,2715,2750,51,22,20,0,3526,67,64
Player 444,FM,IN,1397448989,1699120921,65,Bronze,2377,2417,9,3,0,2371,2500,265,164,16,2082,2380,34,15,3,2183,3336,69,66
Player 445,IM,UA,1495794149,1699194025,580,Legend,2557,2803,1309,756,132,2724,2718,3066,1211,358,2255,2554,1189,190,152,2425,3745,68,65
Player 446,GM,TR,1421436107,1699265857,1205,Crystal,2728,2786,1035,1093,157,2794,2804,5130,5302,975,2385,2468,12,7,3,2439,3434,73,70
Player 447,FM,AU,1476344871,1699180550,48,Silver,2313,2496,400,474,54,2229,2508,1012,958,132,2302,2385,28,9,11,0,3172,69,66
Player 448,NM,BR,1626125229,1699315310,11,Champion,2602,2602,286,121,14,2474,2604,3258,2608,364,1537,1543,10,1,0,2179,3044,32,31
Player 449,FM,US,1477322832,1699246396,1026,Legend,2901,2904,7571,3203,266,2702,2807,2369,1570,298,2473,2633,319,137,19,2361,3977,71,68
Player 450,IM,ES,1449604587,1698863790,37,Silver,2441,2507,80,80,9,2486,2640,2532,2257,372,2017,2472,4,3,0,2360,2491,61,58
Player 451,IM,IR,1563605262,1699296432,565,Legend,2955,3057,2165,1497,203,2922,2984,1683,850,187,2226,2407,298,58,48,2428,3760,83,80
Player 452,GM,US,1463142885,1699291360,8571,Legend,3171,3367,11982,6200,1228,3028,3109,6480,2000,958,2622,2939,222,102,71,2605,4028,61,58
Player 453,NM,BR,1440555585,1699308652,628,Legend,2437,2608,2051,1532,203,2329,2499,1247,503,94,2333,2348,139,23,10,2174,3358,58,55
Player 454,FM,KZ,1585308901,1694270476,8,Bronze,2288,2403,64,51,13,2313,2399,345,139,57,2060,2311,5,1,1,0,2364,36,33
Player 455,NM,US,1277834870,1699284477,81,Crystal,2057,2099,486,438,43,2009,2267,3254,3096,502,2158,2158,276,213,25,2223,2771,44,41
Player 456,WCM,AE,1628246538,1684700481,19,Silver,1657,1924,439,418,15,1642,2128,30,33,5,1335,1709,2,4,0,0,2860,42,39
Player 457,NM,US,1364617732,1699125810,63,Champion,2302,2383,1640,1463,153,2312,2460,3098,2727,406,2036,2041,198,197,30,2239,3346,51,48
Player 458,FM,RS,1375995164,1694461784,51,Wood,2388,2351,16,1,0,2271,2356,80,49,18,2337,2602,7,3,8,2394,3265,46,43
Player 459,FM,NL,1258406211,1699320268,1675,Legend,2604,2671,5739,4268,540,2509,2666,555,363,60,2260,2297,116,13,2,2354,3366,67,64
Player 460,IM,AR,1507744337,1699297230,144,Champion,2402,2402,551,99,29,2401,2505,1679,575,180,2400,2435,530,83,55,2345,2583,34,33
Player 461,GM,SG,1253618961,1699123760,828,Elite,2486,2593,76,58,4,2717,2834,1595,1392,242,2133,2475,30,23,13,2501,3461,60,57
Player 462,CM,IS,1436646893,1691782553,15,Elite,2158,2353,4869,2654,985,2513,2508,8512,5108,2333,2182,2254,49,16,15,0,2305,38,35
Player 463,WFM,NG,1483695473,1698930017,92,Bronze,2081,2081,94,84,0,1899,2021,328,316,15,1837,1905,25,28,0,0,3158,32,29
Player 464,CM,XX,1637864301,1698346189,6,Elite,2308,2322,6,1,0,1880,2107,290,187,12,2098,1865,3,0,0,2098,3370,33,30
Player 465,IM,DK,1255209494,1697620757,18,Silver,1240,1304,124,137,10,2301,2572,539,462,111,1945,2240,30,14,9,0,1896,44,41
Player 466,FM,UA,1480434790,1698504194,31,Elite,2452,2579,292,214,32,2628,2628,2220,1963,265,2282,2306,12,11,1,2271,2900,49,47
Player 467,CM,HU,1308670585,1699303131,80,Bronze,1808,1893,1027,898,124,2018,2022,240,145,30,1742,1866,16,9,3,2149,3220,55,52
Player 468,CM,BR,1426284036,1695483009,68,Crystal,2051,2158,186,180,31,2312,2378,1901,1990,267,1782,2095,5,4,3,2150,2731,36,33
Player 469,NM,CA,1325432332,1699317368,129,Legend,2328,2555,5518,4160,453,2412,2553,1823,1525,225,2573,2573,362,218,38,2062,3363,65,62
Player 470,NM,CR,1540427838,1698874384,160,Crystal,2331,2404,211,127,21,2236,2435,545,374,76,2123,2243,13,8,1,2273,2096,74,71
Player 471,FM,XX,1503176841,1699289052,90,Champion,2278,2463,55,43,3,2330,2520,2880,2357,326,2221,2243,36,13,2,2382,3353,38,35
Player 472,IM,RS,1541027118,1698849205,28,Stone,2348,2414,376,335,15,2249,2529,1242,1236,271,1956,1956,1,0,1,2351,2990,54,51
Player 473,CM,IN,1415467350,1655252945,131,Silver,2105,2207,3189,2977,290,2324,2429,1491,1392,237,2401,2444,53,28,11,2173,2719,35,34
Player 474,FM,DE,1443194044,1698878583,86,Crystal,2365,2706,1012,582,102,2480,2645,1444,1197,267,2057,2155,20,2,1,2410,2327,46,43
Player 475,GM,BR,1365890244,1699305415,1286,Crystal,2440,2780,304,249,28,2734,2830,758,574,150,2578,2578,4,1,4,2550,3827,69,66
Player 476,FM,SK,1641677553,1693765290,10,Legend,2136,2136,11,0,0,2315,2385,2088,1470,398,2291,2368,188,98,50,2309,3068,63,60
Player 477,WCM,AE,1588087620,1687375387,26,Bronze,1216,1494,14,15,0,1195,1652,133,114,12,1073,1399,38,22,7,0,1945,32,29
Player 478,IM,IL,1338115722,1699218089,297,Crystal,2850,2850,407,210,46,2717,2739,701,418,95,2510,2560,53,12,2,2483,3004,46,43
Player 479,NM,US,1401724847,1699302645,520,Legend,2703,2703,6561,9320,891,2517,2663,1491,1616,241,2154,2244,7,13,2,2300,3543,54,53
Player 480,CM,FR,1693086758,1699256635,8,Bronze,2294,2349,73,43,6,2287,2366,28,16,2,2458,2541,6,1,0,2168,3028,34,32
Player 481,FM,LT,1379099731,1696443746,15,Silver,2250,2371,178,132,9,2490,2497,394,305,33,2174,2433,1,1,0,2335,3136,33,32
Player 482,FM,BD,1406530821,1699244619,87,Elite,2186,2140,111,85,14,2355,2552,5508,6043,731,2267,2361,76,37,14,2357,2607,35,32
Player 483,NM,US,1494059421,1680988168,38,Crystal,2206,2345,4698,4096,371,2201,2258,414,289,66,2215,2219,3,0,2,2276,2994,39,37
Player 484,WIM,RU,1443895538,1698168158,186,Wood,2197,2460,47,57,13,2366,2366,185,251,27,2083,2083,4,0,0,2200,2552,53,50
Player 485,NM,GB,1381304769,1695903088,10,Stone,2150,2000,49,15,1,2355,2364,3036,2534,311,2115,2115,1,0,0,2268,2501,40,37
Player 486,FM,PL,1491743753,1699264664,279,Silver,2561,2601,412,265,43,2519,2582,2290,1607,301,2199,2372,126,66,11,2306,3628,65,62
Player 487,CM,AU,1358416496,1693716793,79,Silver,2297,2464,1342,1130,139,2079,2385,2140,1688,168,2020,2103,26,11,0,2136,2914,58,55
Player 488,IM,CN,1204718779,1699281567,165,Elite,2666,2772,249,136,24,2563,2737,1413,1018,318,2364,2407,135,33,20,2331,3598,66,63
Player 489,CM,FJ,1368246387,1699166970,48,Champion,1726,2134,636,741,51,1673,2078,4212,4507,546,2028,2173,125,118,40,1947,3009,21,19
Player 490,NM,US,1323738058,1699164439,200,Champion,2617,2746,1472,1134,220,2571,2604,1625,1251,258,2394,2443,250,141,57,2300,3353,61,58
Player 491,CM,IN,1571409332,1698380379,80,Elite,2164,2236,597,574,69,2231,2310,784,767,95,1786,1821,18,12,15,2242,3119,59,56
Player 492,WGM,PL,1516800475,1699121222,61,Crystal,1637,2010,73,82,8,2392,2457,1489,1264,197,2143,2170,19,15,7,0,3411,59,56
Player 493,IM,IT,1378635555,1699033076,123,Crystal,2556,2633,904,662,101,2616,2768,4529,3691,862,2353,2380,23,11,5,2429,3262,54,51
Player 494,FM,MX,1646159939,1698589400,16,Legend,2326,2448,154,116,10,2560,2631,395,273,45,2396,2396,18,5,1,0,3354,41,39
Player 495,FM,RU,1501868191,1698851122,45,Silver,2280,2365,491,448,32,2126,2381,468,398,40,2176,2224,6,0,1,2172,2431,49,46
Player 496,NM,US,1373952176,1688963133,35,Stone,1712,2000,25,27,1,2191,2206,28,23,7,2145,2224,12,9,2,2220,3076,3,2
Player 497,NM,US,1431945752,1699312140,153,Legend,2273,2345,751,675,71,2446,2511,2572,2372,376,2339,2330,892,735,125,2053,3521,55,52
Player 498,FM,US,1484104924,1699290095,290,Champion,2869,2927,5863,5379,700,2702,2758,1116,1031,153,2309,2497,89,55,17,2355,3771,60,57
Player 499,FM,US,1545426827,1694685472,2,Crystal,2523,2553,542,273,45,2602,2602,1063,688,206,2500,2518,113,37,35,2250,2860,56,53
Player 500,NM,US,1665410957,1699317789,11,Champion,2182,2237,18,17,2,2349,2449,250,236,37,2722,2722,6,0,0,1942,1000,46,43
Player 501,NM,BR,1438743091,1699316511,39,Silver,1900,1904,49,43,2,2086,2246,348,255,28,2131,2192,45,36,7,0,2670,25,22
Player 502,NM,US,1426134388,1699289514,103,Elite,2654,2669,1096,1145,115,2488,2611,1508,1489,203,2296,2319,133,76,19,2261,3661,65,62
Player 503,IM,TR,1467448049,1699300190,16,Silver,2734,2734,63,24,10,2738,2767,620,464,125,2409,2409,2,0,2,2338,3342,64,61
Player 504,WCM,VE,1487686948,1695178210,90,Stone,1109,1400,1,2,0,1604,1734,91,93,6,1450,1858,39,30,11,1812,2219,40,37
Player 505,FM,IT,1499112763,1657660941,15,Crystal,2006,2220,225,208,19,2316,2362,553,429,67,2366,2366,147,69,18,0,2386,37,35
Player 506,FM,UA,1249644120,1699188858,73,Stone,1694,2000,7,10,0,2190,2266,216,205,36,1784,2096,37,55,20,2127,2920,56,53
Player 507,CM,KG,1486914070,1695134519,7,Elite,2079,2133,49,33,1,2350,2355,1318,893,105,2012,1987,55,21,9,2012,1751,41,38
Player 508,IM,IL,1622459022,1697907317,69,Champion,2680,2739,479,477,74,2638,2716,326,270,39,2648,2648,186,34,33,2447,2919,62,59
Player 509,FM,US,1496509096,1699316406,281,Legend,2433,2707,395,165,37,2299,2557,707,522,117,2241,2249,341,103,49,2400,3457,54,51
Player 510,FM,IN,1646146090,1698549381,27,Elite,2414,2518,117,54,6,2565,2650,190,123,35,2537,2537,8,0,0,0,3606,67,64
Player 511,IM,CN,1489672636,1699250533,76,Legend,2501,2501,2167,1652,252,2552,2552,16,3,0,2554,2554,18,0,1,2418,3218,60,57
Player 512,FM,BR,1359304517,1699307716,571,Elite,2423,2508,1266,1025,185,2423,2555,4609,3748,675,1816,2000,3,5,4,2253,3037,58,55
Player 513,IM,CU,1583596100,1698755067,77,Elite,2558,2558,10,10,1,2652,2722,704,530,130,2243,2677,15,12,2,2473,3579,43,40
Player 514,GM,IN,1507370745,1699308638,308,Champion,2927,3037,497,311,46,2882,2943,1742,1008,317,2442,2595,31,29,12,2599,4455,62,59
Player 515,IM,AZ,1410879736,1699290402,57,Silver,2584,2624,37,23,4,2554,2568,98,73,10,2159,2555,3,2,0,2384,3450,52,49
Player 516,FM,RS,1397035627,1698253549,107,Crystal,2213,2213,86,24,4,2295,2493,5094,4493,727,1920,2041,6,5,3,2314,2524,35,34
Player 517,FM,TR,1521299249,1699272942,29,Elite,2825,2925,352,292,50,2832,2893,806,727,186,1665,1665,1,0,1,2238,3526,61,58
Player 518,IM,RU,1403376219,1699181624,127,Crystal,2785,2785,64,29,5,2544,2612,555,452,67,1999,2117,432,185,45,2413,1421,75,72
Player 519,IM,PL,1364724858,1699198167,205,Legend,2744,2824,5942,2899,631,2777,2797,3327,1934,576,2388,2414,436,130,96,2380,3732,70,67
Player 520,FM,FR,1554035495,1698083851,95,Champion,2500,2655,1839,1674,279,2337,2652,3170,2110,491,2144,2284,36,16,3,2275,3054,71,68
Player 521,GM,RU,1486020405,1699306734,30,Bronze,2803,2821,594,342,58,2675,2721,75,39,7,2710,2377,8,0,1,2521,3815,74,71
Player 522,CM,FI,1280081862,1699289244,69,Champion,2095,2192,10318,6909,482,2256,2286,3815,2132,233,2200,2200,3,0,0,0,3004,53,50
Player 523,NM,US,1394522767,1699313151,271,Legend,2024,2258,23,16,4,2344,2475,25843,24374,2883,2257,2283,11,3,3,2298,3059,40,37
Player 524,GM,BG,1272403999,1699287160,1207,Wood,2593,2459,324,76,20,2395,2446,265,85,26,2257,2257,6,0,0,2597,2855,63,60
Player 525,GM,QA,1629035996,1669524085,98,Champion,2624,2648,129,33,5,2630,2634,200,77,9,2638,2702,1088,489,196,0,800,67,64
Player 526,NM,HR,1287383673,1698720517,134,Elite,1957,1993,35,13,4,1872,2044,6354,5603,572,2091,2097,67,28,12,2201,2544,17,16
Player 527,WIM,IN,1344835950,1699068917,181,Elite,2486,2606,1186,1321,146,2519,2631,548,494,105,2249,2246,19,4,27,2302,4705,62,59
Player 528,CM,EG,1465454894,1695332549,178,Champion,2356,2439,337,335,23,2441,2484,2496,2590,331,2524,2524,14,2,0,2220,2746,30,27
Player 529,FM,RU,1426761232,1650582775,53,Silver,2366,2567,163,61,21,2523,2597,1406,701,305,2195,2269,82,24,23,2347,2571,54,51
Player 530,NM,US,1293995111,1698852323,44,Champion,2266,2335,183,185,20,2516,2541,2240,1956,346,2467,2467,2,1,1,2350,2537,35,32
Player 531,FM,CA,1407286757,1696862828,161,Bronze,1996,2280,6632,6758,550,1222,2304,392,257,51,1409,1712,19,10,2,2343,2833,45,42
Player 532,FM,VN,1537271522,1699270585,1180,Elite,2429,2442,128,85,9,2700,2700,1972,1828,382,2365,2365,93,132,78,2391,3096,45,43
Player 533,WFM,SK,1509131269,1699299011,53,Stone,2027,2115,655,728,107,2094,2149,993,911,138,1503,2022,48,30,6,2120,2968,59,56
Player 534,NM,US,1365563705,1699198880,142,Champion,2437,2622,2901,2665,353,2552,2655,4495,4332,820,2406,2454,500,354,62,2359,3597,58,55
Player 535,GM,FR,1416154220,1699307988,2586,Crystal,2710,2757,1816,903,174,2668,2827,1865,982,284,2438,2565,32,3,2,2531,2895,51,48
Player 536,GM,XE,1536113884,1696969680,98,Silver,2697,2982,537,408,78,2676,2883,1167,892,260,2324,2586,4,2,3,2490,3533,56,53
Player 537,NM,US,1245818936,1699316936,29,Champion,2085,2111,3513,3299,196,2164,2317,1287,1131,152,2009,2009,5,2,0,2134,2806,47,44
Player 538,FM,EH,1357880051,1699254576,31,Silver,2296,2282,106,87,6,2211,2343,2387,1860,210,2531,2604,8,3,0,2999,2447,32,29
Player 539,CM,EC,1535581395,1699301070,88,Legend,2200,2357,1020,1025,126,2451,2451,10580,11170,1680,2302,2302,7,1,1,2111,2105,39,36
Player 540,WCM,TN,1594630390,1692830981,8,Crystal,869,1209,6,11,1,1307,1322,28,26,3,1223,1511,22,22,4,0,1400,23,20
